Date of incident,Incident Category,Modus Operandi,Product Category,Location Type,High Value,Value EUR,City,Country
25.04.2026,Theft,Intrusion,Cash,Origin Facility,No,8585,Nagpur,India
25.04.2026,Theft,Intrusion,Furniture/Household Appliances,Origin Facility,No,N/A,Lucknow,India
25.04.2026,Fraud,Deception Other,Food & Drink,Destination Facility,No,N/A,,India
24.04.2026,Counterfeit,Deception Other,Cosmetics & Hygiene,Maritime Transportation Facility,No,N/A,Ho Chi Minh,Viet Nam
23.04.2026,Counterfeit,Deception Other,Food & Drink,Origin Facility,No,N/A,,India
23.04.2026,Counterfeit,Deception Other,Food & Drink,Origin Facility,No,1438,Ahmedabad,India
23.04.2026,Counterfeit,Deception Other,Food & Drink,Origin Facility,No,N/A,,India
23.04.2026,Counterfeit,Deception Other,Toys/Games,Maritime Transportation Facility,No,N/A,Ho Chi Minh,Viet Nam
23.04.2026,Fraud,Deception Other,Fuel Theft,Destination Facility,No,12987,Johor Bahru,Malaysia
23.04.2026,Clandestine,Theft from Moving Vehicle,Tools/Building Materials,Destination Facility,No,29601,Surat,India
23.04.2026,Robbery,Violent & Threat with Violence,Unspecified,En Route,No,N/A,Dumka,India
22.04.2026,Counterfeit,Deception Other,Miscellaneous,Retail Store,Yes,119905,,Hong Kong
22.04.2026,Counterfeit,Deception Other,Cosmetics & Hygiene,Retail Store,No,N/A,,India
22.04.2026,Counterfeit,Deception Other,Pharmaceuticals,Origin Facility,Yes,536256,New Delhi,India
22.04.2026,Theft from Vehicle,Violent & Threat with Violence,Auto parts,En Route,No,N/A,,Indonesia
22.04.2026,Theft,Intrusion,Tools/Building Materials,Origin Facility,No,N/A,Ahmedabad,India
22.04.2026,Unknown,Violent & Threat with Violence,Tools/Building Materials,Origin Facility,No,N/A,,India
21.04.2026,Counterfeit,Deception Other,Pharmaceuticals,Origin Facility,No,18194,,India
21.04.2026,Counterfeit,Deception Other,Tobacco,Origin Facility,Yes,10901598,,Philippines
20.04.2026,Robbery,Intrusion,Tobacco,Origin Facility,No,N/A,Dhubri,India
20.04.2026,Theft from Vehicle,Intrusion,Unspecified,En Route,No,N/A,,Indonesia
20.04.2026,Theft from Vehicle,Intrusion,Metal,En Route,No,N/A,,Malaysia
19.04.2026,Theft from Vehicle,Intrusion,Tools/Building Materials,En Route,No,N/A,,Indonesia
18.04.2026,Counterfeit,Deception Other,Pharmaceuticals,En Route,No,51132,New Delhi,India
17.04.2026,Theft from Facility,Internal,Miscellaneous,Origin Facility,No,19935,,India
16.04.2026,Counterfeit,Deception Other,Food & Drink,Origin Facility,No,33109,Surat,India
16.04.2026,Counterfeit,Deception Other,Cosmetics & Hygiene,Origin Facility,No,N/A,Faridabad,India
16.04.2026,Counterfeit,Deception Other,Miscellaneous Electronics,Origin Facility,No,N/A,,India
16.04.2026,Theft,Intrusion,Metal,Origin Facility,No,N/A,Guwahati,India
16.04.2026,Theft from Vehicle,Intrusion,Fuel Theft,Unclassified Parking,No,N/A,,India
15.04.2026,Counterfeit,Deception Other,Food & Drink,Origin Facility,No,2028,,India
15.04.2026,Theft from Vehicle,Intrusion,Tools/Building Materials,Maritime Transportation Facility,No,N/A,,Indonesia
14.04.2026,Robbery,Intrusion,Cash,Origin Facility,No,2275,Bhubaneswar,India
13.04.2026,Theft from Vehicle,Intrusion,Metal,En Route,No,N/A,,Indonesia
13.04.2026,Unknown,Violent & Threat with Violence,Unspecified,Origin Facility,No,N/A,Dumka,India
12.04.2026,Counterfeit,Deception Other,Clothing & Footwear,En Route,Yes,261919,,China
12.04.2026,Counterfeit,Deception Other,Auto parts,Origin Facility,No,22749,New Delhi,India
10.04.2026,Counterfeit,Deception Other,Food & Drink,Origin Facility,No,N/A,Mumbai,India
10.04.2026,Counterfeit,Deception Other,Auto parts,Origin Facility,No,9077,,India
10.04.2026,Counterfeit,Deception Other,Agricultural Materials,Origin Facility,No,N/A,,India
10.04.2026,Counterfeit,Deception Other,Miscellaneous,Retail Store,No,5731,Danang,Viet Nam
10.04.2026,Counterfeit,Deception Other,Tobacco,Origin Facility,Yes,15557005,Lapu-Lapu City,Philippines
10.04.2026,Counterfeit,Deception Other,Cosmetics & Hygiene,Origin Facility,Yes,9982587,,Philippines
10.04.2026,Counterfeit,Deception Other,Pharmaceuticals,Unknown,Yes,1450224,,Philippines
10.04.2026,Counterfeit,Deception Other,Miscellaneous,Unknown,No,N/A,,"Korea, Republic of"
10.04.2026,Theft,Intrusion,Tools/Building Materials,Road Transportation Facility,No,2653,Pattaya,Thailand
09.04.2026,Counterfeit,Deception Other,Phones,Origin Facility,No,N/A,,India
09.04.2026,Theft from Vehicle,Violent & Threat with Violence,Auto parts,En Route,No,N/A,,Indonesia
09.04.2026,Theft from Vehicle,Unknown,Fuel Theft,En Route,No,N/A,,India
09.04.2026,Theft from Facility,Internal,Phones,Destination Facility,No,2094,Bengaluru,India
08.04.2026,Counterfeit,Deception Other,Tobacco,En Route,No,12920,San Rafael,Philippines
08.04.2026,Counterfeit,Deception Other,Phones,Origin Facility,No,4587,,Malaysia
08.04.2026,Counterfeit,Deception Other,Food & Drink,Retail Store,No,N/A,New Delhi,India
08.04.2026,Theft from Vehicle,Intrusion,Fuel Theft,Unclassified Parking,No,358,San Ildefonso,Philippines
08.04.2026,Clandestine,Deception Other,Fuel Theft,Retail Store,No,N/A,Bhubaneswar,India
07.04.2026,Counterfeit,Deception Other,Tools/Building Materials,Origin Facility,No,N/A,Indore,India
07.04.2026,Unknown,Violent & Threat with Violence,Unspecified,Retail Store,No,N/A,Phuket,Thailand
07.04.2026,Theft of Vehicle,Deception Other,Miscellaneous,Maritime Transportation Facility,Yes,114862,,"Korea, Republic of"
07.04.2026,Theft,Intrusion,Fuel Theft,Origin Facility,No,N/A,,New Zealand
06.04.2026,Counterfeit,Deception Other,Cosmetics & Hygiene,Origin Facility,No,N/A,Delhi,India
05.04.2026,Counterfeit,Deception Other,Tobacco,En Route,No,N/A,,India
05.04.2026,Theft,Intrusion,Food & Drink,Origin Facility,No,N/A,,India
05.04.2026,Theft,Intrusion,Fuel Theft,Origin Facility,No,N/A,,India
05.04.2026,Theft,Internal,Food & Drink,En Route,No,24915,,India
04.04.2026,Counterfeit,Deception Other,Clothing & Footwear,En Route,Yes,152662,,Hong Kong
03.04.2026,Counterfeit,Deception Other,Cosmetics & Hygiene,Origin Facility,No,N/A,,India
03.04.2026,Counterfeit,Deception Other,Clothing & Footwear,Origin Facility,Yes,107381,Pasay,Philippines
03.04.2026,Counterfeit,Deception Other,Tobacco,En Route,No,9231,New Delhi,India
03.04.2026,Theft,Intrusion,Fuel Theft,Origin Facility,No,N/A,,India
02.04.2026,Counterfeit,Deception Other,Food & Drink,Origin Facility,No,N/A,,India
01.04.2026,Counterfeit,Deception Other,Food & Drink,Retail Store,No,9075,Hyderabad,India
31.03.2026,Theft from Vehicle,Intrusion,Fuel Theft,Unclassified Parking,No,140,Quezon City,Philippines
30.03.2026,Counterfeit,Deception Other,Miscellaneous Electronics,Origin Facility,No,59413,,Thailand
29.03.2026,Counterfeit,Deception Other,Food & Drink,Origin Facility,No,N/A,Dwarka,India
29.03.2026,Counterfeit,Deception Other,Food & Drink,Origin Facility,No,N/A,Dwarka,India
29.03.2026,Counterfeit,Deception Other,Miscellaneous,En Route,Yes,1061928,,Thailand
29.03.2026,Counterfeit,Deception Other,Pharmaceuticals,Origin Facility,No,N/A,,India
28.03.2026,Counterfeit,Deception Other,Food & Drink,Origin Facility,No,N/A,Warangal,India
28.03.2026,Counterfeit,Deception Other,Food & Drink,Origin Facility,No,N/A,Hyderabad,India
28.03.2026,Counterfeit,Deception Other,Food & Drink,Origin Facility,No,N/A,Hyderabad,India
28.03.2026,Counterfeit,Deception Other,Food & Drink,Origin Facility,No,N/A,Warangal,India
28.03.2026,Counterfeit,Deception Other,Food & Drink,Origin Facility,No,N/A,Hyderabad,India
28.03.2026,Counterfeit,Deception Other,Food & Drink,Origin Facility,No,N/A,Hyderabad,India
28.03.2026,Counterfeit,Deception Other,Tobacco,Aviation Transportation Facility,No,46740,,India
28.03.2026,Theft,Intrusion,Food & Drink,Origin Facility,No,2245,,India
27.03.2026,Counterfeit,Deception Other,Pharmaceuticals,Origin Facility,No,N/A,New Delhi,India
27.03.2026,Robbery,Internal,Cash,En Route,No,N/A,,India
27.03.2026,Counterfeit,Deception Other,Pharmaceuticals,Origin Facility,No,N/A,New Delhi,India
27.03.2026,Robbery,Internal,Cash,En Route,No,N/A,,India
26.03.2026,Counterfeit,Deception Other,Cosmetics & Hygiene,Origin Facility,No,24967,,Hong Kong
26.03.2026,Counterfeit,Deception Other,Tobacco,Origin Facility,No,27345,Plaridel,Philippines
26.03.2026,Counterfeit,Deception Other,Miscellaneous,Origin Facility,Yes,358817,City of Manila,Philippines
26.03.2026,Counterfeit,Deception Other,Tobacco,Unknown,No,N/A,Uson,Philippines
26.03.2026,Theft of Vehicle,Violent & Threat with Violence,Food & Drink,Unclassified Parking,No,19998,,India
25.03.2026,Theft from Facility,Intrusion,Fuel Theft,Origin Facility,No,N/A,,Pakistan
25.03.2026,Counterfeit,Deception Other,Clothing & Footwear,Origin Facility,No,N/A,,India
24.03.2026,Counterfeit,Deception Other,Pharmaceuticals,Retail Store,No,13975,,Hong Kong
24.03.2026,Counterfeit,Deception Other,Clothing & Footwear,En Route,Yes,327158,,Hong Kong
24.03.2026,Theft from Vehicle,Intrusion,Fuel Theft,Unclassified Parking,No,115,Tacloban City,Philippines
24.03.2026,Counterfeit,Deception Other,Pharmaceuticals,Retail Store,No,13975,,Hong Kong
