id,topic,title,summary,country,occurred_at
22360,flashpoint,Top drivers set to tackle Southern roads as Rally New Zealand returns to Southland - The Press,Top drivers set to tackle Southern roads as Rally New Zealand returns to Southland The Press,New Zealand,2026-07-06 23:21:56+00
22353,flashpoint,Bowling: Bowler turn coach Esther watches future stars end 20-year wait as Malaysia strike twice - The Star,Bowling: Bowler turn coach Esther watches future stars end 20-year wait as Malaysia strike twice The Star,Malaysia,2026-07-06 23:09:33+00
22356,flashpoint,South Africa Strike First Against Malaysia in KwaZulu-Natal - SA Hockey Association,South Africa Strike First Against Malaysia in KwaZulu-Natal SA Hockey Association,Malaysia,2026-07-06 20:14:52+00
21524,flashpoint,Tokyo’s giant Pokémon Stamp Rally is back for 2026 with exclusive prizes up for grabs - SoraNews24,Tokyo’s giant Pokémon Stamp Rally is back for 2026 with exclusive prizes up for grabs SoraNews24,Japan,2026-07-06 15:00:48+00
21510,flashpoint,Youth Leadership Secures Safe Learning Environment For Malasang 2 Sipunkakil Elementary Students To Build Future Human Capital,"In a powerful demonstration of community-driven grassroots development, young parents and youth leadership of Malasang 2 in the Tsitalato Constituency of AROB successfully completed a vital fencing project for Sipunkakil Elementary School, establishing a safe and healthy environment for its youngest learners. The school is one of the oldest elementary learning institutions in the Buka District of North Bougainville founded by the Late Hillary Laris who served as the Member for Tsitalato in the first Bougainville House of Representatives (BHOR). Web, Web – One-Day, Web – 14-Day, Web – One-Month, Web – Three-Month, Web – Six-Month, Web – Annual, Web & eBook, Web & eBook – One-Day, Web & eBook – 14-Day, Web & eBook – One-Month, Web & eBook – Three-Month, Web & eBook – Six-Month or Web & eBook – Annual. The post Youth Leadership Secures Safe Learning Environment For Malasang 2 Sipunkakil Elementary Students To Build Future Human Capital appeared first on Post Courier.",Papua New Guinea,2026-07-06 13:25:32+00
22355,flashpoint,"Player killed, referee injured by lightning strike during Melaka football match, Malaysia News - AsiaOne","Player killed, referee injured by lightning strike during Melaka football match, Malaysia News AsiaOne",Malaysia,2026-07-06 11:19:00+00
21517,flashpoint,Two Earthquakes Strike Sarangani Area in Southern Philippines - وكالة الأنباء القطرية,Two Earthquakes Strike Sarangani Area in Southern Philippines وكالة الأنباء القطرية,Philippines,2026-07-06 10:56:34+00
21512,flashpoint,Colorful rally for National Rural Development Day held in Rajshahi - Bangladesh Sangbad Sangstha (BSS),Colorful rally for National Rural Development Day held in Rajshahi Bangladesh Sangbad Sangstha (BSS),Bangladesh,2026-07-06 10:05:59+00
21532,flashpoint,Goldman Sachs Sees 20% Rally Ahead for South Korea Despite Monday’s Tech Selloff - Blockonomi,Goldman Sachs Sees 20% Rally Ahead for South Korea Despite Monday’s Tech Selloff Blockonomi,South Korea,2026-07-06 09:48:01+00
22362,flashpoint,South Korea’s Stock Rally Hit a Speed Bump — Goldman Sachs Says Buy the Dip - CoinCentral,South Korea’s Stock Rally Hit a Speed Bump — Goldman Sachs Says Buy the Dip CoinCentral,South Korea,2026-07-06 09:37:58+00
21529,flashpoint,"AI rally doubts dent South Korea stocks; rupiah slides past 18,000 - marketscreener.com","AI rally doubts dent South Korea stocks; rupiah slides past 18,000 marketscreener.com",South Korea,2026-07-06 08:12:48+00
21526,flashpoint,Kioxia's Topix weighting set to triple as AI-fueled rally makes it Japan's most valuable company - Crypto Briefing,Kioxia's Topix weighting set to triple as AI-fueled rally makes it Japan's most valuable company Crypto Briefing,Japan,2026-07-06 08:04:36+00
21523,flashpoint,"Asia stocks ease as Japan, South Korea chipmakers retreat after rally - Investing.com","Asia stocks ease as Japan, South Korea chipmakers retreat after rally Investing.com",Japan,2026-07-06 07:52:01+00
21516,flashpoint,"Graduating youth activists hold a traditional lightning rally during the 115th Commencement Exercises of the University of the Philippines Diliman in Quezon City on Sunday. The activists raised concerns on academic and press freedom, corruption in flood cont - facebook.com","Graduating youth activists hold a traditional lightning rally during the 115th Commencement Exercises of the University of the Philippines Diliman in Quezon City on Sunday. The activists raised concerns on academic and press freedom, corruption in flood cont facebook.com",Philippines,2026-07-06 07:47:10+00
21534,flashpoint,"South Korea's red-hot stock rally still has room to run even after recent turmoil, Goldman Sachs says - MSN","South Korea's red-hot stock rally still has room to run even after recent turmoil, Goldman Sachs says MSN",South Korea,2026-07-06 06:42:51+00
22354,flashpoint,"Malaysia Nears Final LCS Missile Decision as RMN Evaluates Turkish, Korean and European Strike Systems Amid Indo-Pacific Naval Tensions - Defence Security Asia","Malaysia Nears Final LCS Missile Decision as RMN Evaluates Turkish, Korean and European Strike Systems Amid Indo-Pacific Naval Tensions Defence Security Asia",Malaysia,2026-07-06 06:15:11+00
21531,flashpoint,"AI rally doubts dent South Korea stocks; rupiah slides past 18,000 - The Edge Malaysia","AI rally doubts dent South Korea stocks; rupiah slides past 18,000 The Edge Malaysia",South Korea,2026-07-06 06:03:33+00
20855,flashpoint,"South Korea's red-hot stock rally still has room to run even after recent turmoil, Goldman Sachs says - Business Insider","South Korea's red-hot stock rally still has room to run even after recent turmoil, Goldman Sachs says Business Insider",South Korea,2026-07-06 05:02:39+00
21527,flashpoint,"South Korea's red-hot stock rally still has room to run even after recent turmoil, Goldman Sachs says - Yahoo Finance","South Korea's red-hot stock rally still has room to run even after recent turmoil, Goldman Sachs says Yahoo Finance",South Korea,2026-07-06 05:01:54+00
20848,flashpoint,World’s biggest domain seller fears India’s fake site crackdown could damage internet,"Soaring smartphone and internet use has coincided with a worsening problem of online fraud in India, the world's most populous nation",India,2026-07-06 04:26:47+00
20843,flashpoint,Bowling: Awesome duo Adelia-Adania strike Malaysia's first gold in Kuching - The Star,Bowling: Awesome duo Adelia-Adania strike Malaysia's first gold in Kuching The Star,Malaysia,2026-07-06 04:26:00+00
20844,flashpoint,Malaysia to begin talks with Kongsberg over Naval Strike Missile dispute - NST Online,Malaysia to begin talks with Kongsberg over Naval Strike Missile dispute NST Online,Malaysia,2026-07-06 04:10:48+00
20851,flashpoint,Australia and Fiji strike new defence alliance,The defence pact comes as China expands its influence in the Pacific and days after Australia signed a security agreement with Vanuatu.,Australia,2026-07-06 02:58:07+00
20852,flashpoint,Australia and Fiji strike new defence alliance - Free Malaysia Today,Australia and Fiji strike new defence alliance Free Malaysia Today,Australia,2026-07-06 02:58:07+00
20853,flashpoint,Australia and Fiji strike historic new defence and climate alliance - 7NEWS,Australia and Fiji strike historic new defence and climate alliance 7NEWS,Australia,2026-07-06 02:56:00+00
20856,flashpoint,South Korea defense stocks rally before NATO summit as cooperation hopes rise - CHOSUNBIZ - Chosunbiz,South Korea defense stocks rally before NATO summit as cooperation hopes rise - CHOSUNBIZ Chosunbiz,South Korea,2026-07-06 00:36:00+00
22343,flashpoint,Riots at Asahan regency office as protesters demand road repairs in 4 villages,"On 2026-07-06, hundreds of residents from Bandar Pulau Subdistrict protested outside the Asahan regent's office in Kisaran, North Sumatra, demanding repairs to roads in four villages. The demonstration turned into a clash, according to the article. No fatalities were reported.",Indonesia,2026-07-06 00:00:00+00
20482,flashpoint,Thailand Travel Markets Ignite With a Blockbuster Surge: Bold New Economic Rally Sparks Massive Growth Now as Global Tourism Metrics Shatter Projections! - Travel And Tour World,Thailand Travel Markets Ignite With a Blockbuster Surge: Bold New Economic Rally Sparks Massive Growth Now as Global Tourism Metrics Shatter Projections! Travel And Tour World,Thailand,2026-07-05 23:38:57+00
20846,flashpoint,"Australia enters new alliance with Fiji, and more Pacific nations could join",Australia and Fiji strike a new defence alliance in a major development that could reshape the Pacific's strategic landscape.,Australia,2026-07-05 20:11:00+00
20845,flashpoint,EnQuest shares: Malaysia deal details now in focus for ENQ after Brent-driven rally - Bez Kabli,EnQuest shares: Malaysia deal details now in focus for ENQ after Brent-driven rally Bez Kabli,Malaysia,2026-07-05 17:51:46+00
20138,flashpoint,135 new recruits enter Army service in Davao de Oro,"CAGAYAN DE ORO CITY — A total of 135 newly enlisted Army privates completed their Operations Orientation Course in Mawab, Davao de Oro, culminating in a demonstration of close-quarter battle and hostage rescue skills. The graduates of Class 02-2026, composed of 122 men and 13 women, held their closing ceremony on Saturday, July 4, at the 10th Division Training School in Barangay Tuboran. Maj. Ruben Gadut, chief of the 10th Infantry Division (10ID) Public Affairs Office, gave these pieces of information to the Inquirer. To mark the culmination of the course, the soldiers showed their combat readiness through a realistic […]... Keep on reading: 135 new recruits enter Army service in Davao de Oro",Philippines,2026-07-05 10:44:46+00
20485,flashpoint,"University of the Philippines Diliman graduates stage a lightning rally during commencement rites on Sunday, raising calls for academic freedom, social justice, and pressing national concerns as part of a long-standing tradition. (Video by Miguel de Guzman/T - facebook.com","University of the Philippines Diliman graduates stage a lightning rally during commencement rites on Sunday, raising calls for academic freedom, social justice, and pressing national concerns as part of a long-standing tradition. (Video by Miguel de Guzman/T facebook.com",Philippines,2026-07-05 04:34:41+00
19167,flashpoint,Taal Volcano's seismic unrest continues,"LUCENA CITY — Taal Volcano in Batangas continued to exhibit signs of unrest over the past 24 hours, the Philippine Institute of Volcanology and Seismology (Phivolcs) reported on Sunday, July 5. In its morning bulletin, Phivolcs said the volcano recorded 75 episodes of volcanic tremor, each lasting one to three minutes. However, no volcanic earthquakes were detected during the monitoring period. The latest activity came a day after Taal logged 61 volcanic earthquakes and 60 volcanic tremors, indicating sustained seismic unrest. READ: Taal Volcano logs 61 quakes, 60 tremors in 24 hours The increase followed several days of relatively low […]... Keep on reading: Taal Volcano's seismic unrest continues",Philippines,2026-07-05 00:44:54+00
19168,flashpoint,AFP seeks broader LGU support for July 12 West PH Sea Victory Day,The military is rallying more local governments to declare July 12 as “West Philippine Sea Victory Day” to commemorate a landmark arbitral tribunal ruling that upheld the country’s sovereign rights over the West Philippine Sea—waters within its exclusive economic zone (EEZ)—and rejected China’s expansive claims. The call made by the Armed Forces of the Philippines on Saturday […]... Keep on reading: AFP seeks broader LGU support for July 12 West PH Sea Victory Day,China,2026-07-05 00:25:00+00
19161,flashpoint,"Inside Taiwan’s nightmare scenario: Chinese blockade, earthquake, sabotage and invasion","It was a nightmare scenario for Taiwan: a Chinese blockade, a strong earthquake seized on by Beijing to sow chaos, hijacked television broadcasts, sabotaged infrastructure, a run on banks, civil unrest — and then a full-scale invasion.",China,2026-07-04 23:20:00+00
19196,flashpoint,The LIG Nex1 HA-30K airborne missile system - South Korea leans on precision strike capability - Ad-hoc-news.de,The LIG Nex1 HA-30K airborne missile system - South Korea leans on precision strike capability Ad-hoc-news.de,South Korea,2026-07-04 22:53:57+00
19183,flashpoint,Ao Tanaka issues defiant message after Japan exit as countrymen rally round - OneFootball,Ao Tanaka issues defiant message after Japan exit as countrymen rally round OneFootball,Japan,2026-07-04 19:55:21+00
19185,flashpoint,Ao Tanaka says 'I will rise again' after Japan exit as team-mates rally - OneFootball,Ao Tanaka says 'I will rise again' after Japan exit as team-mates rally OneFootball,Japan,2026-07-04 12:42:03+00
19158,flashpoint,Sabah should reject street demonstration culture: Zulkarnain - Daily Express Malaysia,Sabah should reject street demonstration culture: Zulkarnain Daily Express Malaysia,Malaysia,2026-07-04 10:39:17+00
19186,flashpoint,"Six Lotto winners share $1m, Auckland Strike player bags $700,000 as Powerball rolls over - Stuff","Six Lotto winners share $1m, Auckland Strike player bags $700,000 as Powerball rolls over Stuff",New Zealand,2026-07-04 08:03:44+00
19191,flashpoint,"Public unions rally in Seoul, demand direct talks and payroll reform - CHOSUNBIZ - Chosunbiz","Public unions rally in Seoul, demand direct talks and payroll reform - CHOSUNBIZ Chosunbiz",South Korea,2026-07-04 07:59:00+00
20154,flashpoint,Iranians in New Zealand rally against any deal with Islamic Republic - ایران اینترنشنال,Iranians in New Zealand rally against any deal with Islamic Republic ایران اینترنشنال,New Zealand,2026-07-04 07:53:07+00
19179,flashpoint,Activists hold a protest rally along Kalaw Avenue in Manila after being blocked by members of the Philippine National Police (PNP) from marching towards the U.S. Embassy during a demonstration marking Philippine–U.S. Friendship Day on Saturday. The pro - facebook.com,Activists hold a protest rally along Kalaw Avenue in Manila after being blocked by members of the Philippine National Police (PNP) from marching towards the U.S. Embassy during a demonstration marking Philippine–U.S. Friendship Day on Saturday. The pro facebook.com,Philippines,2026-07-04 06:22:03+00
19159,flashpoint,Jakarta Goes Hand In Hand With Kuala Lumpur and Putrajaya as Indonesia And Malaysia Strike Landmark Prisoner Transfer Pact Strengthening Cross-Border Legal Systems And Citizen Protection Rights Unlocking New Era Of ASEAN Legal Mobility And Hu - Travel And Tour World,Jakarta Goes Hand In Hand With Kuala Lumpur and Putrajaya as Indonesia And Malaysia Strike Landmark Prisoner Transfer Pact Strengthening Cross-Border Legal Systems And Citizen Protection Rights Unlocking New Era Of ASEAN Legal Mobility And Hu Travel And Tour World,Indonesia,2026-07-04 01:24:04+00
19193,flashpoint,Seoul Stocks Rebound Nearly 6% As Chip Giants Lead Bargain-Hunting Rally - BusinessToday Malaysia,Seoul Stocks Rebound Nearly 6% As Chip Giants Lead Bargain-Hunting Rally BusinessToday Malaysia,South Korea,2026-07-04 01:23:08+00
18644,flashpoint,"Taal Volcano logs 61 quakes, 60 tremors in 24 hours","LUCENA CITY — Taal Volcano in Batangas showed renewed signs of unrest after a sharp increase in seismic activity over the past 24 hours, the Philippine Institute of Volcanology and Seismology (Phivolcs) reported on Saturday, July 4. According to Phivolcs’ morning bulletin, the volcano recorded 61 volcanic earthquakes and 60 volcanic tremors, each lasting between one and three minutes. The spike followed relatively low seismic activity over the previous two days, when only four volcanic earthquakes were recorded on Friday and two on Thursday. On July 1, however, Phivolcs logged 19 volcanic earthquakes and five volcanic tremors. READ: Taal Volcano’s […]... Keep on reading: Taal Volcano logs 61 quakes, 60 tremors in 24 hours",Philippines,2026-07-04 00:11:42+00
18690,flashpoint,86 foreign nationals detained in PNG illegal mining crackdown - Post Courier,86 foreign nationals detained in PNG illegal mining crackdown Post Courier,Papua New Guinea,2026-07-03 23:46:52+00
19157,flashpoint,Can Wall Street keep rally alive? | The Star Malaysia - StarBiz - PressReader,Can Wall Street keep rally alive? | The Star Malaysia - StarBiz PressReader,Malaysia,2026-07-03 21:37:28+00
18692,flashpoint,Stock market today: Japan’s Nikkei and South Korea’s KOSPI rally as tech shares rebound - Economy Middle East,Stock market today: Japan’s Nikkei and South Korea’s KOSPI rally as tech shares rebound Economy Middle East,Japan,2026-07-03 13:36:38+00
18642,flashpoint,Banking rally lifts Bursa Malaysia nearly 17 points on softer US jobs data - Malay Mail,Banking rally lifts Bursa Malaysia nearly 17 points on softer US jobs data Malay Mail,Malaysia,2026-07-03 10:27:11+00
18649,flashpoint,"PLDT, Smart, Dito strike infrastructure sharing deal in Philippines - Telecompaper","PLDT, Smart, Dito strike infrastructure sharing deal in Philippines Telecompaper",Philippines,2026-07-03 09:32:17+00
18694,flashpoint,South Korea shares log second weekly loss on AI rally concerns - marketscreener.com,South Korea shares log second weekly loss on AI rally concerns marketscreener.com,South Korea,2026-07-03 07:50:28+00
18637,flashpoint,Vaibhav Sooryavanshi not taking first strike in super over vs Sri Lanka A raises eyebrows - MSN,Vaibhav Sooryavanshi not taking first strike in super over vs Sri Lanka A raises eyebrows MSN,Sri Lanka,2026-07-03 07:34:01+00
19192,flashpoint,Incheon Startup Park TRYOUT Public and Private Demonstration Kick-Off Held with Participation from 42 Companies - 아시아경제,Incheon Startup Park TRYOUT Public and Private Demonstration Kick-Off Held with Participation from 42 Companies 아시아경제,South Korea,2026-07-03 03:53:51+00
17936,flashpoint,"Indonesia Equities Rally, Weekly Change Almost Flat - TradingView","Indonesia Equities Rally, Weekly Change Almost Flat TradingView",Indonesia,2026-07-03 03:21:00+00
17933,flashpoint,Cop relieved for allegedly failing to protect rider in INC-led rally,"MANILA, Philippines — A patrolman was relieved from his post for allegedly failing to protect a motorcycle rider who was reportedly blocked by protesters during the Iglesia ni Cristo (INC)-led rally in Quezon City earlier this week. In a press briefing in Camp Crame on Friday, Philippine National Police (PNP) public information chief Col. Allen Rae Co said the patrolman, who was assigned to the Quezon City Police District Mobile Force Battalion (QCPD MFB), has been placed under Personnel Holding and Accounting Section (PHAS). READ: Raffy Tulfo slams cop who failed to protect rider in INC-led rally […]... Keep on reading: Cop relieved for allegedly failing to protect rider in INC-led rally",Philippines,2026-07-03 03:18:00+00
18643,flashpoint,Nikkei Extends Losses but Advancers Outnumber Decliners; Malaysia Market Rebounds on US Stock Rally - finance.biggo.com,Nikkei Extends Losses but Advancers Outnumber Decliners; Malaysia Market Rebounds on US Stock Rally finance.biggo.com,Malaysia,2026-07-03 02:07:00+00
18022,flashpoint,FSS staff breach trading rules amid KOSPI rally in South Korea - CHOSUNBIZ - Chosunbiz,FSS staff breach trading rules amid KOSPI rally in South Korea - CHOSUNBIZ Chosunbiz,South Korea,2026-07-03 01:20:00+00
17928,flashpoint,NCRPO downgrades to 'heightened alert' status after Iglesia Ni Cristo rally ends,"The National Capitol Region Police Office (NCRPO) remained on ""Full Alert"" status on Friday, a day after the Iglesia Ni Cristo rally at the Liwasang Bonifacio in Manila ended last night.",Philippines,2026-07-03 00:27:00+00
18010,flashpoint,Japan's top currency diplomat declines comment on yen's sharp rally - 毎日新聞,Japan's top currency diplomat declines comment on yen's sharp rally 毎日新聞,Japan,2026-07-03 00:00:58+00
19160,flashpoint,Johor polls: Sabah UMNO to rally thousand-strong Sabahan vote bank for BN - MSN,Johor polls: Sabah UMNO to rally thousand-strong Sabahan vote bank for BN MSN,Malaysia,2026-07-02 20:18:42+00
17940,flashpoint,"Second unofficial Test: Yash Thakur, Saransh Jain strike twice, but Sahan Arachchige keeps India A at bay - The Times of India","Second unofficial Test: Yash Thakur, Saransh Jain strike twice, but Sahan Arachchige keeps India A at bay The Times of India",India,2026-07-02 17:39:00+00
18019,flashpoint,Stunning South Korea Stock Shock Triggers Circuit Breaker as Semi Names Strike FOMO - TheStreet Pro,Stunning South Korea Stock Shock Triggers Circuit Breaker as Semi Names Strike FOMO TheStreet Pro,South Korea,2026-07-02 14:15:00+00
20487,flashpoint,Red Alert Status Raised By Manila DRRMO Due To Transfer Of Rally From EDSA To Liwasan - journal.com.ph,Red Alert Status Raised By Manila DRRMO Due To Transfer Of Rally From EDSA To Liwasan journal.com.ph,Philippines,2026-07-02 13:47:56+00
17961,flashpoint,PNP keeps Metro Manila under full alert on Day 3 of Iglesia rally - ABS-CBN,PNP keeps Metro Manila under full alert on Day 3 of Iglesia rally ABS-CBN,Philippines,2026-07-02 13:37:18+00
17950,flashpoint,Iglesia ni Cristo shifts rally to Manila after Quezon City gov’t revokes permit - BusinessWorld Online,Iglesia ni Cristo shifts rally to Manila after Quezon City gov’t revokes permit BusinessWorld Online,Philippines,2026-07-02 12:28:24+00
17568,flashpoint,QC Council probes councilor over LTO confrontation during INC rally,"During the Iglesia ni Cristo rally, Quezon City District 2 Councilor Ranulfo Ludovica points his finger at an enforcer issuing traffic ticket to illegally parked vehicles and calls him 'tuta'",Philippines,2026-07-02 11:27:45+00
18691,flashpoint,Japan's top currency diplomat declines comment on yen's sharp rally - Japan Wire by Kyodo News,Japan's top currency diplomat declines comment on yen's sharp rally Japan Wire by Kyodo News,Japan,2026-07-02 11:12:00+00
17927,flashpoint,"Malaysia Turns to Türkiye, South Korea after Norway Revokes Export License For Naval Strike Missile - EurAsian Times","Malaysia Turns to Türkiye, South Korea after Norway Revokes Export License For Naval Strike Missile EurAsian Times",Malaysia,2026-07-02 10:42:22+00
18017,flashpoint,MRF Tyres extends New Zealand Rally Championship control tyre deal - Tyrepress,MRF Tyres extends New Zealand Rally Championship control tyre deal Tyrepress,New Zealand,2026-07-02 10:34:06+00
18009,flashpoint,BREAKING NEWS: Japan's top currency diplomat says no comment on yen's sharp rally - Japan Wire by Kyodo News,BREAKING NEWS: Japan's top currency diplomat says no comment on yen's sharp rally Japan Wire by Kyodo News,Japan,2026-07-02 09:34:00+00
17960,flashpoint,INC rally continues in Quezon City for 2nd day - Manila Bulletin,INC rally continues in Quezon City for 2nd day Manila Bulletin,Philippines,2026-07-02 09:22:52+00
19162,flashpoint,"INDONESIA Rupiah drops, investor confidence plummets, protests return to Jakarta - AsiaNews","INDONESIA Rupiah drops, investor confidence plummets, protests return to Jakarta AsiaNews",Indonesia,2026-07-02 09:14:06+00
17956,flashpoint,PNP alert status remains as INC rally moves to Manila - SunStar Publishing Inc.,PNP alert status remains as INC rally moves to Manila SunStar Publishing Inc.,Philippines,2026-07-02 08:49:23+00
17943,flashpoint,INC rally protesters vow to stay in Manila ‘as long as it takes’ - Inquirer.net,INC rally protesters vow to stay in Manila ‘as long as it takes’ Inquirer.net,Philippines,2026-07-02 08:31:00+00
20486,flashpoint,PNP maintains full alert in Metro Manila despite relocation of INC rally to Liwasang Bonifacio - DZRH,PNP maintains full alert in Metro Manila despite relocation of INC rally to Liwasang Bonifacio DZRH,Philippines,2026-07-02 08:31:00+00
20152,flashpoint,Classes suspended in Manila as anti-corruption rally enters 3rd day - Xinhua,Classes suspended in Manila as anti-corruption rally enters 3rd day Xinhua,Philippines,2026-07-02 08:30:00+00
18008,flashpoint,"At an American base in Japan, fans rally behind their World Cup team - Stars and Stripes","At an American base in Japan, fans rally behind their World Cup team Stars and Stripes",Japan,2026-07-02 06:50:35+00
20484,flashpoint,PNP alert status remains as INC rally moves to Manila - pna.gov.ph,PNP alert status remains as INC rally moves to Manila pna.gov.ph,Philippines,2026-07-02 06:17:09+00
17948,flashpoint,"Road closures, reroutes in Manila due to INC rally on July 2 - Philstar.com","Road closures, reroutes in Manila due to INC rally on July 2 Philstar.com",Philippines,2026-07-02 05:56:00+00
19182,flashpoint,Program begins at INC rally in Manila amid surging crowd - Manila Bulletin,Program begins at INC rally in Manila amid surging crowd Manila Bulletin,Philippines,2026-07-02 05:22:12+00
17925,flashpoint,"Malaysia's chip rally broadens beyond AI, yet analysts say it's still not over - The Edge Malaysia","Malaysia's chip rally broadens beyond AI, yet analysts say it's still not over The Edge Malaysia",Malaysia,2026-07-02 03:55:03+00
18641,flashpoint,"Malaysia's chip rally broadens beyond AI, and analysts say it's still not over - The Edge Malaysia","Malaysia's chip rally broadens beyond AI, and analysts say it's still not over The Edge Malaysia",Malaysia,2026-07-02 03:55:03+00
18650,flashpoint,"Members of the Iglesia ni Cristo and their allies gather at Liwasang Bonifacio in Manila on Thursday, July 2, after authorities revoked their permit to hold a rally at the EDSA People Power Monument. Photos by Rappler. - facebook.com","Members of the Iglesia ni Cristo and their allies gather at Liwasang Bonifacio in Manila on Thursday, July 2, after authorities revoked their permit to hold a rally at the EDSA People Power Monument. Photos by Rappler. facebook.com",Philippines,2026-07-02 03:24:51+00
18648,flashpoint,"SITUATION AT INC RALLY The Manila Public Information Office released aerial photos showing the situation at the Iglesia ni Cristo rally in Liwasang Bonifacio on Thursday. As of 10 AM, authorities estimated that 1,000 protesters were at the venue. (Photos co - facebook.com","SITUATION AT INC RALLY The Manila Public Information Office released aerial photos showing the situation at the Iglesia ni Cristo rally in Liwasang Bonifacio on Thursday. As of 10 AM, authorities estimated that 1,000 protesters were at the venue. (Photos co facebook.com",Philippines,2026-07-02 03:24:33+00
17963,flashpoint,"JUST IN: Police units in Metro Manila remain on full alert as Iglesia ni Cristo moves rally to Liwasang Bonifacio in Manila on Thursday, while the security status for police forces in other parts of the country has been downgraded to heightened alert. | via Manny - facebook.com","JUST IN: Police units in Metro Manila remain on full alert as Iglesia ni Cristo moves rally to Liwasang Bonifacio in Manila on Thursday, while the security status for police forces in other parts of the country has been downgraded to heightened alert. | via Manny facebook.com",Philippines,2026-07-02 02:18:56+00
17949,flashpoint,WATCH: Edsa-White Plains back to normal after INC rally moves to Manila - Inquirer.net,WATCH: Edsa-White Plains back to normal after INC rally moves to Manila Inquirer.net,Philippines,2026-07-02 01:25:00+00
18645,flashpoint,"Manila suspends classes, issues rerouting advisory due to INC rally - Philstar.com","Manila suspends classes, issues rerouting advisory due to INC rally Philstar.com",Philippines,2026-07-02 01:08:00+00
17944,flashpoint,PNP stays on alert as INC rally moves to Manila - Inquirer.net,PNP stays on alert as INC rally moves to Manila Inquirer.net,Philippines,2026-07-02 00:32:00+00
17958,flashpoint,"Manila road closures on July 2, 2026 due to Iglesia Ni Cristo rally - GMA Network","Manila road closures on July 2, 2026 due to Iglesia Ni Cristo rally GMA Network",Philippines,2026-07-02 00:16:13+00
18652,flashpoint,No classes in Manila as INC rally moves to Liwasang Bonifacio - Manila Bulletin,No classes in Manila as INC rally moves to Liwasang Bonifacio Manila Bulletin,Philippines,2026-07-02 00:13:15+00
18628,flashpoint,Classes suspended and roads closed in Manila over INC rally,"On 2026-07-02, Iglesia ni Cristo held a scheduled rally at Liwasang Bonifacio in Manila. The city government suspended classes in all levels and closed several roads due to the demonstration, and the mayor urged protesters to maintain peace and order. No violence was reported in the article.",Philippines,2026-07-02 00:00:00+00
18625,flashpoint,Mendiola Avenue in Manila remains closed to rallyists for protests,"On 2026-07-02, Manila police set up barricades and maintained a heavy deployment along Mendiola Avenue in Manila to keep Iglesia Ni Cristo rallyists from advancing toward Malacañang. Authorities enforced crowd control and kept demonstrators within designated zones during the rally's third day. No fatalities were reported.",Philippines,2026-07-02 00:00:00+00
19147,flashpoint,LMP protesters storm Tanah Karo police station over alleged headquarters attack,"On 2026-07-02, hundreds of Laskar Merah Putih (LMP) members held a demonstration at the Tanah Karo police headquarters in Karo, North Sumatra. They demanded police resolve an alleged attack, assault, and vandalism against the LMP secretariat office. The article describes a protest only and does not report violence or arrests.",Indonesia,2026-07-02 00:00:00+00
19184,flashpoint,Toy Friends Stamp Rally at Tokyo Disneyland - WDW News Today,Toy Friends Stamp Rally at Tokyo Disneyland WDW News Today,Japan,2026-07-02 00:00:00+00
17955,flashpoint,Road closures set in Manila for July 2 INC rally - Manila Bulletin,Road closures set in Manila for July 2 INC rally Manila Bulletin,Philippines,2026-07-01 23:58:13+00
17953,flashpoint,Manila mayor urges INC rallyists to maintain orderliness - Inquirer.net,Manila mayor urges INC rallyists to maintain orderliness Inquirer.net,Philippines,2026-07-01 23:36:00+00
17951,flashpoint,PNP says to sustain deployment as INC rally moves to Manila - Inquirer.net,PNP says to sustain deployment as INC rally moves to Manila Inquirer.net,Philippines,2026-07-01 22:52:00+00
17946,flashpoint,Manila DRRM dep’t on red alert for July 2 INC rally - Inquirer.net,Manila DRRM dep’t on red alert for July 2 INC rally Inquirer.net,Philippines,2026-07-01 22:48:00+00
17952,flashpoint,Road closures set for INC rally in Manila - The Manila Times,Road closures set for INC rally in Manila The Manila Times,Philippines,2026-07-01 22:40:00+00
17945,flashpoint,LIST: Manila road closures for INC rally starting July 2 - Inquirer.net,LIST: Manila road closures for INC rally starting July 2 Inquirer.net,Philippines,2026-07-01 22:25:00+00
17962,flashpoint,"Classes suspended, roads closed in Manila over INC rally - The Manila Times","Classes suspended, roads closed in Manila over INC rally The Manila Times",Philippines,2026-07-01 22:18:00+00
18651,flashpoint,Classes suspended in Manila over INC rally - The Manila Times,Classes suspended in Manila over INC rally The Manila Times,Philippines,2026-07-01 22:18:00+00
17947,flashpoint,Classes suspended in Manila due to INC rally - Inquirer.net,Classes suspended in Manila due to INC rally Inquirer.net,Philippines,2026-07-01 22:08:00+00
17482,flashpoint,LTFRB summons PUV operators in INC rally,"MANILA, Philippines — The Land Transportation Franchising and Regulatory Board (LTFRB) has summoned 34 public transport operators that joined the Iglesia ni Cristo (INC) rally on Edsa on Tuesday instead of plying their routes. In a statement on Wednesday, the LTFRB said that it issued show cause orders to operators of buses and UV Express […]... Keep on reading: LTFRB summons PUV operators in INC rally",Philippines,2026-07-01 21:40:00+00
17483,flashpoint,Remulla maintains he didn’t initiate Marcoleta probe,"MANILA, Philippines — After saying on Monday that a plunder case will be filed against Sen. Rodante Marcoleta within the week, an announcement that triggered an Iglesia ni Cristo (INC) rally on Edsa the following day, Ombudsman Jesus Crispin Remulla now wants one thing clarified. At a speaking engagement on Tuesday, as the INC protest […]... Keep on reading: Remulla maintains he didn’t initiate Marcoleta probe",Philippines,2026-07-01 21:34:00+00
17484,flashpoint,Groups question INC rally motive; QC permit revoked,"MANILA, Philippines — Organizers of recent anticorruption protests challenged on Wednesday the motives behind the Iglesia ni Cristo (INC)-led rally along Edsa, asking why thousands of supporters needed to be mobilized for Sen. Rodante Marcoleta as he faces an impending plunder case before the Office of the Ombudsman. “Why should any politician need tens of […]... Keep on reading: Groups question INC rally motive; QC permit revoked",Philippines,2026-07-01 21:32:00+00
17485,flashpoint,"Selective protest, selective justice","A huge rally was on its second day of being staged at the busy People Power Monument along Edsa as of this writing, Wednesday, causing monstrous traffic for Metro Manila commuters. The rally was organized by the Iglesia Ni Cristo (INC), whose members were out to express support for one of their own, Sen. Rodante […]... Keep on reading: Selective protest, selective justice",Philippines,2026-07-01 21:06:00+00
17486,flashpoint,Nothing surprising about the surprise rally,"Last Tuesday, Metro Manila woke up to a “surprise” rally by members of the Iglesia ni Cristo (INC) at the People Power Monument. This was allegedly prompted by the news that fellow INC member Sen. Rodante Marcoleta would be charged with plunder. Its leaders called out the “selective justice” and some of those in attendance […]... Keep on reading: Nothing surprising about the surprise rally",Philippines,2026-07-01 21:05:00+00
17959,flashpoint,"WALANG PASOK: Manila Mayor announces class suspension due to protest rally on July 2, 2026 - GMA Network","WALANG PASOK: Manila Mayor announces class suspension due to protest rally on July 2, 2026 GMA Network",Philippines,2026-07-01 20:07:33+00
21513,flashpoint,American mission aviation pilot killed and civilian aircraft burned in Yahukimo - - Human Rights Monitor,American mission aviation pilot killed and civilian aircraft burned in Yahukimo - Human Rights Monitor,West Papua,2026-07-06 13:44:31+00
21535,flashpoint,‘A Big Party On The Street’: Hundreds Show Up To Melbourne Trans Counter-Protest - Star Observer,‘A Big Party On The Street’: Hundreds Show Up To Melbourne Trans Counter-Protest Star Observer,Australia,2026-07-06 05:25:40+00
22345,flashpoint,Ex head of Air Sugihan post office embezzles residents’ funds up to Rp4.6 billion,"On 2026-07-06, prosecutors from the Ogan Komering Ilir District Attorney's Office formally transferred the corruption case against former Air Sugihan post office head AWM to the corruption court in Palembang. The case concerns alleged embezzlement in the handling of E-Batara Pos and customer savings funds, with reported state losses of Rp4.67 billion.",Indonesia,2026-07-06 00:00:00+00
20477,flashpoint,Indonesian troops recover body of U.S. pilot slain by rebels in West Papua - Washington Times,Indonesian troops recover body of U.S. pilot slain by rebels in West Papua Washington Times,West Papua,2026-07-05 17:51:52+00
20479,flashpoint,"Papua Separatists Claim They Shot Dead American Pilot, Burned Plane - International Business Times","Papua Separatists Claim They Shot Dead American Pilot, Burned Plane International Business Times",West Papua,2026-07-05 08:01:45+00
20140,flashpoint,PNG Inflation remains uneven,"Westpac’s latest PNG Economic Update and Outlook says headline inflation remained relatively low in the March quarter, but price pressures continue to vary across the country. Web, Web – One-Day, Web – 14-Day, Web – One-Month, Web – Three-Month, Web – Six-Month, Web – Annual, Web & eBook, Web & eBook – One-Day, Web & eBook – 14-Day, Web & eBook – One-Month, Web & eBook – Three-Month, Web & eBook – Six-Month or Web & eBook – Annual. The post PNG Inflation remains uneven appeared first on Post Courier.",Papua New Guinea,2026-07-05 02:18:02+00
20156,flashpoint,ACT party leader David Seymour’s “crocodile tears” for hypothetical children at protest in Wellington toy shop – Palestine Solidarity Network Aotearoa - thedailyblog.co.nz,ACT party leader David Seymour’s “crocodile tears” for hypothetical children at protest in Wellington toy shop – Palestine Solidarity Network Aotearoa thedailyblog.co.nz,New Zealand,2026-07-04 20:38:38+00
19197,flashpoint,TRIBAL FOUNDATION CALLS FOR IMMEDIATE ARREST FOLLOWING ATTACK ON HUMAN RIGHTS DEFENDER - PNG Haus Bung,TRIBAL FOUNDATION CALLS FOR IMMEDIATE ARREST FOLLOWING ATTACK ON HUMAN RIGHTS DEFENDER PNG Haus Bung,Papua New Guinea,2026-07-04 06:27:46+00
20464,flashpoint,Indonesia’s Palace responds as police general becomes suspect in MBG corruption,"On 2026-07-04, Indonesia's Attorney General's Office named a new suspect in the alleged MBG corruption case involving the National Nutrition Agency. The suspect was identified as Lalu Muhammad Iwan Mahardan, an active police general who had served as head of the agency's legal and public relations bureau.",Indonesia,2026-07-04 00:00:00+00
20470,flashpoint,Pramono Tanjung reviews proposed five new TransJakarta routes to Depok,"On 2026-07-04, DKI Jakarta Governor Pramono Anung reviewed a proposal from Depok to add five new Transjabodetabek bus routes linking Depok and Jakarta. The announcement was made in Jakarta, and the proposal was described as intended to improve commuter mobility and reduce congestion.",Indonesia,2026-07-04 00:00:00+00
18639,flashpoint,Muslims protest presence of church in Indonesia - www.christiandaily.com,Muslims protest presence of church in Indonesia www.christiandaily.com,Indonesia,2026-07-03 15:22:35+00
18674,flashpoint,Indonesian military recovers US pilot killed in Papua attack - MSN,Indonesian military recovers US pilot killed in Papua attack MSN,West Papua,2026-07-03 12:06:45+00
18672,flashpoint,Indonesia recovers body of U.S. pilot killed in Papua rebel attack - İlke Haber Ajansı,Indonesia recovers body of U.S. pilot killed in Papua rebel attack İlke Haber Ajansı,West Papua,2026-07-03 10:49:42+00
18661,flashpoint,"Papua rebels killed an American pilot, Indonesia confirms body evacuation - Межа. Новини України.","Papua rebels killed an American pilot, Indonesia confirms body evacuation Межа. Новини України.",West Papua,2026-07-03 08:09:25+00
18633,flashpoint,From defending Susta to defending his identity,"The scorching summer wind has intensified the heat at Maitighar Mandala. Protesters, seeking justice from the government against the injustices they have faced, are huddled in the limited patches of shade available along the roadside. Amidst this, a group of people from Susta, a disputed territory of West Nepal, can be seen joining the agitation, […] The post From defending Susta to defending his identity appeared first on OnlineKhabar English News.",Nepal,2026-07-03 06:49:16+00
18677,flashpoint,American pilot shot dead and his plane set on fire by Papua rebels - The Independent,American pilot shot dead and his plane set on fire by Papua rebels The Independent,West Papua,2026-07-03 06:35:00+00
20144,flashpoint,"Indonesia recovers body of American pilot killed by rebels in Papua, military says - ThePrint","Indonesia recovers body of American pilot killed by rebels in Papua, military says ThePrint",West Papua,2026-07-03 05:30:18+00
18678,flashpoint,Papuan rebels gun down US pilot and burn his plane - Saudi Gazette,Papuan rebels gun down US pilot and burn his plane Saudi Gazette,West Papua,2026-07-03 04:45:00+00
17931,flashpoint,"TPNPB Claims Responsibility for Attack on American Pilot, Cites Flight Ban","Jayapura, Jubi – The West Papua National Liberation Army (TPBPB) has claimed responsibility for the fatal shooting of an American pilot in Papua, saying the aircraft ignored the group’s ban on civilian flights into what it considers its operational territory. TPNPB spokesperson Sebby Sambom said the group’s fighters shot pilot Nicholas F. Goselin and set […] The post TPNPB Claims Responsibility for Attack on American Pilot, Cites Flight Ban first appeared on Jubi Papua.",West Papua,2026-07-03 04:06:35+00
18016,flashpoint,Madang police uncover East Sepik’s wanted man after drug arrest - Post Courier,Madang police uncover East Sepik’s wanted man after drug arrest Post Courier,Papua New Guinea,2026-07-03 02:54:42+00
20475,flashpoint,"Indonesia recovers body of American pilot killed by rebels in Papua, military says - TradingView","Indonesia recovers body of American pilot killed by rebels in Papua, military says TradingView",West Papua,2026-07-03 01:02:00+00
19142,flashpoint,Former Jember DPRD deputy chair sentenced to 6.5 years for corruption over catering,"On 2026-07-03, prosecutors at the Jember District Court in East Java read out sentencing demands in a corruption case involving former Jember DPRD deputy chair Dedy Dwi Setiawan and four co-defendants over catering for regional regulation socialization activities. The article reports that Dedy was sought to receive 6 years 6 months in prison, while the other defendants also faced prison terms, fines, and restitution.",Indonesia,2026-07-03 00:00:00+00
17987,flashpoint,Papuan Separatists Say They’ve Killed an American Pilot - AvBrief.com,Papuan Separatists Say They’ve Killed an American Pilot AvBrief.com,West Papua,2026-07-02 20:00:51+00
22358,flashpoint,Papua separatist group says it has shot dead an American pilot who brought Indonesian troops into a 'conflict zone' - AOL.com,Papua separatist group says it has shot dead an American pilot who brought Indonesian troops into a 'conflict zone' AOL.com,West Papua,2026-07-02 17:34:46+00
17978,flashpoint,"Papua rebels claim killing of US pilot, plane burned - MSN","Papua rebels claim killing of US pilot, plane burned MSN",West Papua,2026-07-02 16:13:34+00
17984,flashpoint,"US pilot shot dead in Indonesia's Papua, plane set ablaze by separatist rebels - India Today","US pilot shot dead in Indonesia's Papua, plane set ablaze by separatist rebels India Today",West Papua,2026-07-02 15:35:14+00
20478,flashpoint,Papua separatists claim to have shot dead a US pilot who transported Indonesian troops - WCBD News 2,Papua separatists claim to have shot dead a US pilot who transported Indonesian troops WCBD News 2,West Papua,2026-07-02 14:10:40+00
17570,flashpoint,Malaysia could see temperatures hit 40°C next March-May,"The areas most at risk are the northern states of Peninsular Malaysia, the inland areas of Kelantan and Pahang, and the interior regions of Sabah and Sarawak.",Malaysia,2026-07-02 13:12:22+00
20145,flashpoint,"Rebels in Indonesia’s Papua kill American pilot, burn plane, spokesperson says - ThePrint","Rebels in Indonesia’s Papua kill American pilot, burn plane, spokesperson says ThePrint",West Papua,2026-07-02 11:30:53+00
17988,flashpoint,Papua separatist group says it has shot dead an American pilot who brought Indonesian troops into a 'conflict zone' - KTVB,Papua separatist group says it has shot dead an American pilot who brought Indonesian troops into a 'conflict zone' KTVB,West Papua,2026-07-02 10:59:00+00
18020,flashpoint,(LEAD) Disability rights activists resume subway protest in Seoul after 6-month hiatus - Yonhap News Agency,(LEAD) Disability rights activists resume subway protest in Seoul after 6-month hiatus Yonhap News Agency,South Korea,2026-07-02 09:31:23+00
17923,flashpoint,Malaysia Airlines Extends Suspension Of Doha Services Until March 20 - Bernama,Malaysia Airlines Extends Suspension Of Doha Services Until March 20 Bernama,Malaysia,2026-07-02 07:23:30+00
18005,flashpoint,"Papuan separatists kill American pilot, torch civilian aircraft in Indonesia - albawaba.com","Papuan separatists kill American pilot, torch civilian aircraft in Indonesia albawaba.com",West Papua,2026-07-02 02:50:00+00
18612,flashpoint,Construction of Leuwipanjang BRT terminal starts pole concrete casting in West Java,"On 2026-07-02, construction of the Leuwipanjang BRT depot in Bandung, West Java, reportedly entered the pile concrete casting stage. The contractor PT Abdi Prima Intikarya is carrying out the project, which is planned to take 365 days and will house 29 buses. The article says the work is proceeding without disrupting terminal operations.",Indonesia,2026-07-02 00:00:00+00
18610,flashpoint,"Kubang Putih residents reject Sicincin–Bukittinggi toll road, say it splits villages","On 2026-07-02, residents of Kubang Putiah in Banuhampu, Agam publicly rejected the planned Sicincin-Bukittinggi toll road route. They said the project would split their village and damage settlement and customary land arrangements. The article reports a collective community stance against the proposed alignment, with no violence described.",Indonesia,2026-07-02 00:00:00+00
18611,flashpoint,Bandung starts road repairs ahead of Husein Sastranegara airport reactivation,"On 2026-07-02, Bandung municipal authorities began road and drainage repairs in areas leading to Husein Sastranegara Airport ahead of its planned reactivation on 2026-09-17. The works include road surface repairs, drainage normalization, tree trimming, road markings, and lighting improvements to make airport access safer and more comfortable.",Indonesia,2026-07-02 00:00:00+00
17957,flashpoint,"Thousands of INC members gathered in parts of Metro Manila on Monday to protest ""selective justice"" following the possible filing of a plunder complaint against Sen. Rodante Marcoleta. I via ANC 24/7 Link of full story in the comment section. - facebook.com","Thousands of INC members gathered in parts of Metro Manila on Monday to protest ""selective justice"" following the possible filing of a plunder complaint against Sen. Rodante Marcoleta. I via ANC 24/7 Link of full story in the comment section. facebook.com",Philippines,2026-07-01 16:00:06+00
16574,flashpoint,"Philippine church group continues protests, disrupting Manila - The Star","Philippine church group continues protests, disrupting Manila The Star",Philippines,2026-07-01 07:53:00+00
16561,flashpoint,Malaysia’s Household Debt Ratio Edged Lower In March - Finimize,Malaysia’s Household Debt Ratio Edged Lower In March Finimize,Malaysia,2026-07-01 04:52:08+00
16596,flashpoint,"South Korea's World Cup Squad Greeted With Boos, Protest Banners at Incheon Airport - Complex","South Korea's World Cup Squad Greeted With Boos, Protest Banners at Incheon Airport Complex",South Korea,2026-07-01 01:05:20+00
18626,flashpoint,Two students stabbed and wounded on Zambo City school campus,"On 2026-07-01, a 17-year-old student allegedly stabbed and wounded two classmates inside Cabaluay National High School in Zamboanga City, Philippines. Police said the incident followed an altercation on campus and that the student later admitted the stabbing during a meeting with school officials, local police, and village authorities.",Philippines,2026-07-01 00:00:00+00
15946,flashpoint,"‘And that, I don't want’: Sonam Wangchuk cautions against ‘Bangladesh, Nepal’ scenario over NEET protests - Telegraph India","‘And that, I don't want’: Sonam Wangchuk cautions against ‘Bangladesh, Nepal’ scenario over NEET protests Telegraph India",Bangladesh,2026-06-30 13:00:11+00
15936,flashpoint,India’s Cockroach party pushes for education minister’s ouster,A sit-in protest in Delhi is nearing its second week as the Gen Z group demands the education minister's resignation over alleged medical college entrance exam paper leaks.,India,2026-06-30 10:23:20+00
17934,flashpoint,Susta residents protest in Kathmandu against Indian encroachment - Ekantipur,Susta residents protest in Kathmandu against Indian encroachment Ekantipur,India,2026-06-30 07:00:00+00
16014,flashpoint,"Baejai High School's Taunts Spark Protest, Investigation by Gwangjuil and Seoul Education Office - 조선일보","Baejai High School's Taunts Spark Protest, Investigation by Gwangjuil and Seoul Education Office 조선일보",South Korea,2026-06-30 03:44:03+00
16029,flashpoint,PNG Aviation Network to Benefit from New Niusky Investments and Leadership - One Papua New Guinea,PNG Aviation Network to Benefit from New Niusky Investments and Leadership One Papua New Guinea,Papua New Guinea,2026-06-30 00:57:00+00
18631,flashpoint,Philippines court sentences kidnappers of businesswoman to life terms,"On 2026-06-30, a Quezon City court convicted seven of 11 suspects in the kidnapping of a 78-year-old businesswoman and sentenced them to life in prison without parole. The court also ordered civil damages and the release of four acquitted suspects.",Philippines,2026-06-30 00:00:00+00
18576,flashpoint,Protest along EDSA stalls traffic as police deploy in Manila,"On 2026-06-30, groups held a protest along EDSA in Manila that disrupted traffic. Police were deployed and the NCRPO said it would observe maximum tolerance. No violence or fatalities were reported in the available coverage.",Philippines,2026-06-30 00:00:00+00
17260,flashpoint,Japan Repeatedly Lodges Protest Over China Coast Guard Making Claims of Jurisdiction Within Japan’s EEZ - The Japan News,Japan Repeatedly Lodges Protest Over China Coast Guard Making Claims of Jurisdiction Within Japan’s EEZ The Japan News,China,2026-06-29 10:58:00+00
16018,flashpoint,"Seoul police probe 57 Jamsil protest cases, investigate 139 people - CHOSUNBIZ - Chosunbiz","Seoul police probe 57 Jamsil protest cases, investigate 139 people - CHOSUNBIZ Chosunbiz",South Korea,2026-06-29 03:00:00+00
18595,flashpoint,Daniel Sancho sentenced to life in Thailand for killing Colombian surgeon Edwin Arrieta,"On 2026-06-29, a Thai court sentenced Daniel Sancho to life imprisonment for the killing and dismemberment of Colombian surgeon Edwin Arrieta. The article says he remains imprisoned in Surat Thani while an appeal is still pending.",Thailand,2026-06-29 00:00:00+00
18577,flashpoint,15-year-old Tacloban shooting suspect acted with discernment,"On 2026-06-29, the Philippine DSWD said social workers found the 15-year-old suspect in the Tacloban school shooting acted with discernment. The agency said it would submit its findings to the court as part of the case involving the deadly shooting at San Jose National High School in Tacloban City.",Philippines,2026-06-29 00:00:00+00
17263,flashpoint,ARMED SUSPECT SHOT DURING MANU CASH AND CARRY ROBBERY - PNG Haus Bung,ARMED SUSPECT SHOT DURING MANU CASH AND CARRY ROBBERY PNG Haus Bung,Papua New Guinea,2026-06-28 15:41:09+00
14946,flashpoint,"Iglesia ni Cristo invited to White Ribbon March, says Kidapawan Bishop",Kidapawan Bishop Jose Colin Bagaforo said the religious group Iglesia ni Cristo (INC) was invited to take part in the White Ribbon March at the EDSA People Power Monument in Quezon City.,Philippines,2026-06-28 09:00:05+00
14949,flashpoint,LOOK: Mass held at EDSA Shrine as part of White Ribbon March,Members of religious and civil society groups on Sunday attended a Mass at the EDSA Shrine in Quezon City as part of the White Ribbon March calling for an end to corruption.,Philippines,2026-06-28 04:57:26+00
18580,flashpoint,Anti-corruption protests in the Philippines call for Duterte deputy president’s removal,"On 2026-06-28, more than 3,000 people gathered in Manila to protest corruption allegations and call for accountability over alleged misuse of public funds. Demonstrators also demanded the completion of impeachment proceedings against Vice President Sara Duterte. The protest ended peacefully, though police were deployed as a precaution.",Philippines,2026-06-28 00:00:00+00
14399,flashpoint,Sweden’s Elanga earns draw with Japan to keep their World Cup alive,Anthony Elanga’s second-half equaliser secures Sweden a last-32 place as Japan finish second in Group F and set up a knockout clash with Brazil.,Japan,2026-06-27 14:36:19.126+00
14516,flashpoint,Dozens arrested in Indonesia after anti-government protest turns violent - South China Morning Post,Dozens arrested in Indonesia after anti-government protest turns violent South China Morning Post,Indonesia,2026-06-27 05:46:18+00
18517,flashpoint,Interpol and Indonesian immigration arrest Chinese fugitive at Soetta airport,"On 2026-06-27, Indonesian police and immigration officials arrested Chinese fugitive Zheng Rongjing at Terminal 2 of Soekarno-Hatta International Airport in Tangerang. The report says he was wanted by Interpol Beijing over alleged online scam operations in Cambodia and was transferred to Polda Metro Jaya for further handling.",Indonesia,2026-06-27 00:00:00+00
13783,flashpoint,Japan mulls delaying minimum wage hike,"Japan's average minimum hourly wages in fiscal 2025, which ended in March, stood at ¥1,121, up 6.3% from the preceding year.",Japan,2026-06-26 08:46:00+00
